learn,0,0,0
learn,0,0,0
learn,0,0,0
learn,0,0,0
learn,0,0,0
learn,0,0,0
learn,0,0,0
learn,0,0,0
learn,2,0,0
learn,2,8,8
learn,2,35,26
learn,2,53,62
learn,2,80,71
learn,2,98,98
learn,2,107,107
learn,2,98,107
learn,2,107,107
learn,2,98,98
learn,2,98,89
learn,2,89,98
learn,2,98,98
learn,2,98,98
learn,2,116,89
learn,2,116,98
learn,2,125,98
learn,2,125,98
learn,2,116,98
learn,2,125,98
learn,2,125,89
learn,2,125,89
learn,2,134,98
learn,2,143,98
learn,2,161,89
learn,2,152,80
learn,2,143,71
learn,2,143,80
learn,2,143,71
learn,2,134,71
learn,2,125,80
learn,2,134,80
learn,2,143,89
learn,2,152,107
learn,2,152,98
learn,2,152,107
learn,2,152,98
learn,2,152,98
learn,2,152,89
learn,2,143,98
learn,2,134,98
learn,2,152,98
learn,2,161,98
learn,2,152,98
learn,2,134,98
learn,2,116,98
learn,2,98,98
learn,2,98,98
learn,2,98,98
learn,2,89,89
learn,2,98,107
learn,2,98,107
learn,2,107,98
learn,2,107,98
learn,2,107,98
learn,2,116,89
learn,2,125,98
learn,2,134,107
learn,2,134,98
learn,2,125,98
learn,2,125,107
learn,2,125,89
learn,2,125,89
learn,2,134,89
learn,2,134,98
learn,2,134,98
learn,2,134,107
learn,2,134,98
learn,2,116,98
learn,2,107,98
learn,2,98,107
learn,2,98,107
learn,2,98,125
learn,2,98,134
learn,2,89,152
learn,2,71,161
learn,2,71,152
learn,2,80,152
learn,2,71,152
learn,2,71,134
learn,2,71,143
learn,2,80,125
learn,2,89,134
learn,2,89,134
learn,2,107,125
learn,2,125,107
learn,2,125,89
learn,2,134,89
learn,2,152,89
learn,2,161,98
learn,2,161,107
learn,2,170,107
learn,2,170,98
learn,2,125,98
learn,2,107,98
learn,2,98,98
learn,2,98,98
learn,2,98,98
learn,2,89,116
learn,2,98,134
learn,2,107,152
learn,2,107,134
learn,2,98,107
learn,2,98,107
learn,2,116,89
learn,2,125,89
learn,2,116,44
learn,2,89,8
learn,2,71,8
learn,2,71,8
learn,2,62,8
learn,2,71,0
learn,2,71,0
learn,2,89,0
learn,2,107,8
learn,2,125,26
learn,2,134,62
learn,2,125,89
learn,2,116,107
learn,2,98,107
learn,2,98,116
learn,1,71,80
learn,1,35,0
learn,1,134,8
learn,2,134,35
learn,0,62,17
learn,0,44,8
learn,2,0,0
learn,2,80,44
learn,2,143,89
learn,2,125,98
learn,2,161,98
learn,2,143,107
learn,2,143,116
learn,2,143,107
learn,0,170,116
learn,1,53,44
learn,1,44,17
learn,1,107,17
learn,0,134,44
learn,0,35,8
learn,0,8,0
learn,2,17,0
learn,2,35,53
learn,2,71,62
learn,2,89,98
learn,2,107,107
learn,2,116,125
learn,2,107,125
learn,2,116,116
learn,2,152,107
learn,2,152,98
learn,2,161,89
learn,2,170,98
learn,2,170,89
learn,2,170,98
learn,2,170,98
learn,2,161,98
learn,2,170,98
learn,2,161,89
learn,2,161,98
learn,2,161,98
learn,2,161,98
learn,2,170,107
learn,2,161,98
learn,2,170,98
learn,2,170,89
learn,2,161,98
learn,2,152,98
learn,2,152,98
learn,2,116,116
learn,2,107,134
learn,2,89,152
learn,2,71,161
learn,2,62,152
learn,2,62,152
learn,2,89,125
learn,2,98,98
learn,2,89,98
learn,2,89,89
learn,2,98,89
learn,2,116,98
learn,2,125,98
learn,2,116,98
learn,2,116,107
learn,2,107,98
learn,2,89,107
learn,2,98,98
learn,2,98,98
learn,2,98,98
learn,2,98,98
learn,2,98,107
learn,2,107,98
learn,2,107,98
learn,2,125,98
learn,2,143,98
learn,2,143,98
learn,2,143,98
learn,2,143,107
learn,2,152,98
learn,2,143,98
learn,2,116,98
learn,2,98,98
learn,2,98,98
learn,2,89,89
learn,2,89,89
learn,2,98,98
learn,2,98,98
learn,2,89,98
learn,2,98,98
learn,2,98,107
learn,2,98,98
learn,2,98,107
learn,2,98,98
learn,2,98,89
learn,2,98,98
learn,2,107,107
learn,2,98,98
learn,2,98,107
learn,2,98,98
learn,2,89,89
learn,2,98,98
learn,2,98,107
learn,2,98,98
learn,2,107,98
learn,2,98,107
learn,2,98,98
learn,2,98,107
learn,2,98,98
learn,2,98,98
learn,2,107,98
learn,2,98,98
learn,2,98,107
learn,2,98,98
learn,2,98,98
learn,2,98,98
learn,2,98,98
learn,2,98,107
learn,2,107,98
learn,2,98,98
learn,2,125,98
learn,2,152,89
learn,2,170,98
learn,2,170,89
learn,2,161,80
learn,2,161,80
learn,2,161,80
learn,2,152,80
learn,2,152,71
learn,2,161,80
learn,2,161,80
learn,2,152,89
learn,2,152,80
learn,2,152,80
learn,2,152,80
learn,2,152,89
learn,2,143,80
learn,2,143,80
learn,2,143,80
learn,2,143,89
learn,2,116,89
learn,2,107,89
learn,2,107,89
learn,2,116,98
learn,2,152,98
learn,2,143,107
learn,0,143,98
learn,0,44,44
learn,0,17,17
learn,0,17,17
learn,0,8,8
learn,0,8,8
learn,0,8,0
learn,0,8,0
learn,0,0,0
learn,0,0,0
learn,0,0,0
learn,0,0,0
learn,0,0,0
learn,0,0,0
learn,0,0,0
learn,0,0,0
learn,0,0,0
learn,0,0,0
learn,0,0,0
learn,0,0,0
learn,0,0,0
learn,0,0,0
learn,0,0,0
learn,0,0,0
learn,0,0,0
learn,0,0,0
learn,0,0,0
learn,0,0,0
learn,0,0,0
learn,0,0,0
learn,0,0,0
learn,0,0,0
learn,0,0,0
learn,0,0,0
learn,0,0,0
repeat,0,0,0
repeat,0,0,0
repeat,0,0,0
repeat,0,0,0
repeat,0,0,0
repeat,0,0,0
repeat,0,0,0
repeat,0,0,0
repeat,2,0,0
repeat,2,0,0
repeat,2,8,0
repeat,2,8,0
repeat,2,26,8
repeat,2,53,44
repeat,2,71,80
repeat,2,98,98
repeat,2,116,107
repeat,2,116,116
repeat,2,125,134
repeat,2,116,125
repeat,2,98,98
repeat,2,89,89
repeat,2,89,89
repeat,2,89,89
repeat,2,107,98
repeat,2,116,98
repeat,2,134,98
repeat,2,125,98
repeat,2,134,107
repeat,2,125,98
repeat,2,125,98
repeat,2,125,89
repeat,2,125,89
repeat,2,134,98
repeat,2,161,98
repeat,2,152,89
repeat,2,152,80
repeat,2,143,80
repeat,2,143,71
repeat,2,134,80
repeat,2,134,80
repeat,2,134,80
repeat,2,125,80
repeat,2,143,89
repeat,2,152,107
repeat,2,161,107
repeat,2,152,107
repeat,2,161,98
repeat,2,161,98
repeat,2,143,98
repeat,2,134,89
repeat,2,134,89
repeat,2,152,98
repeat,2,152,98
repeat,2,143,98
repeat,2,125,98
repeat,2,107,98
repeat,2,98,89
repeat,2,89,98
repeat,2,98,89
repeat,2,89,89
repeat,2,98,107
repeat,2,98,98
repeat,2,107,107
repeat,2,116,107
repeat,2,116,89
repeat,2,125,98
repeat,2,125,89
repeat,2,134,98
repeat,2,134,98
repeat,2,125,98
repeat,2,134,98
repeat,2,125,89
repeat,2,125,89
repeat,2,134,98
repeat,2,134,107
repeat,2,116,80
repeat,2,98,89
repeat,2,98,89
repeat,2,89,98
